{
  "name": "gallerie",
  "title": "Gallerie - Gallery Image Viewer",
  "version": "0.0.6",
  "description": "Gallerie is a plugin that offers a lightbox-like gallery viewer of a collection of images. It features a simple overlay with a scrollable thumbnail list, image loading hint, as well as an image caption and index. The overlay thumbnails automatically scroll with the user's mouse and can be activated by click or custom event. Several methods exist to allow for extending the plugin with richer functionality through javascript.",
  "keywords": [ "gallery", "slideshow", "image", "picture", "viewer", "lightbox", "overlay", "scroll" ],
  "author": {
      "name": "Patrick Brown",
      "email": "patiek@gmail.com",
      "url": "http://browniethoughts.com/"
  },
  "demo": "http://www.browniethoughts.com/2013/03/gallerie-gallery-image-viewer-jquery-plugin.html",
  "licenses": [
    {
      "type": "MIT",
      "url": "http://opensource.org/licenses/MIT"
    }
  ],
  "dependencies": {
    "jquery": ">=1.7"
  }
}
